{
    "center_x": -14.236316680908203,
    "center_y": 15.683611869812012,
    "center_z": -26.08529281616211,
    "size_x": 19.967599868774414,
    "size_y": 18.967199325561523,
    "size_z": 21.901599884033203
}